worker_id,writing_type,prompt_code,Cluster
A118BQHK3S4UDV,argumentative,animal,0
A118BQHK3S4UDV,argumentative,athletes,0
A118BQHK3S4UDV,argumentative,dating,0
A118BQHK3S4UDV,argumentative,stereotype,0
A118BQHK3S4UDV,creative,dad,2
A118BQHK3S4UDV,creative,obama,2
A118BQHK3S4UDV,creative,sideeffect,2
A1198W1SPF1R4,argumentative,animal,"0,1"
A1198W1SPF1R4,argumentative,athletes,"0,1"
A1198W1SPF1R4,argumentative,audiobook,"0,1"
A1198W1SPF1R4,argumentative,dating,"0,1"
A1198W1SPF1R4,argumentative,extremesports,"0,1"
A1198W1SPF1R4,argumentative,news,"0,1"
A1198W1SPF1R4,argumentative,pads,"0,1"
A1198W1SPF1R4,argumentative,school,"0,1"
A1198W1SPF1R4,argumentative,screen,"0,1"
A1198W1SPF1R4,argumentative,stereotype,"0,1"
A1198W1SPF1R4,creative,bee,"1,0"
A1198W1SPF1R4,creative,dad,"1,0"
A1198W1SPF1R4,creative,isolation,"1,0"
A1198W1SPF1R4,creative,mana,"1,0"
A1198W1SPF1R4,creative,obama,"1,0"
A1198W1SPF1R4,creative,pig,"1,0"
A1198W1SPF1R4,creative,reincarnation,"1,0"
A1198W1SPF1R4,creative,shapeshifter,"1,0"
A1198W1SPF1R4,creative,sideeffect,"1,0"
A143XRCI1YXAFE,argumentative,athletes,0
A143XRCI1YXAFE,argumentative,extremesports,0
A143XRCI1YXAFE,argumentative,school,0
A143XRCI1YXAFE,creative,bee,2
A143XRCI1YXAFE,creative,dad,2
A143XRCI1YXAFE,creative,isolation,2
A143XRCI1YXAFE,creative,mana,2
A143XRCI1YXAFE,creative,mattdamon,2
A143XRCI1YXAFE,creative,obama,2
A143XRCI1YXAFE,creative,reincarnation,2
A143XRCI1YXAFE,creative,shapeshifter,2
A173MXK429XAZQ,argumentative,extremesports,0
A173MXK429XAZQ,creative,mana,2
A173MXK429XAZQ,creative,sideeffect,2
A17AF42SNQNH9C,argumentative,news,0
A17AF42SNQNH9C,creative,dad,"1,0"
A17AF42SNQNH9C,creative,isolation,"1,0"
A1E235KE3CSO7H,argumentative,animal,"0,2"
A1E235KE3CSO7H,argumentative,athletes,"0,2"
A1E235KE3CSO7H,argumentative,dating,"0,2"
A1E235KE3CSO7H,argumentative,extremesports,"0,2"
A1E235KE3CSO7H,argumentative,pads,"0,2"
A1E235KE3CSO7H,argumentative,screen,"0,2"
A1E235KE3CSO7H,creative,bee,"2,0"
A1E235KE3CSO7H,creative,dad,"2,0"
A1E235KE3CSO7H,creative,isolation,"2,0"
A1E235KE3CSO7H,creative,mana,"2,0"
A1E235KE3CSO7H,creative,pig,"2,0"
A1E235KE3CSO7H,creative,reincarnation,"2,0"
A1E235KE3CSO7H,creative,sideeffect,"2,0"
A1PBRKFHSF1OF8,argumentative,school,0
A1PBRKFHSF1OF8,creative,bee,2
A1PBRKFHSF1OF8,creative,mana,2
A1PBRKFHSF1OF8,creative,mattdamon,2
A1PTH9KTRO06EG,argumentative,animal,"2,0"
A1PTH9KTRO06EG,argumentative,athletes,"2,0"
A1PTH9KTRO06EG,argumentative,audiobook,"2,0"
A1PTH9KTRO06EG,argumentative,dating,"2,0"
A1PTH9KTRO06EG,argumentative,extremesports,"2,0"
A1PTH9KTRO06EG,argumentative,news,"2,0"
A1PTH9KTRO06EG,argumentative,pads,"2,0"
A1PTH9KTRO06EG,argumentative,school,"2,0"
A1PTH9KTRO06EG,argumentative,screen,"2,0"
A1PTH9KTRO06EG,argumentative,stereotype,"2,0"
A1PTH9KTRO06EG,creative,bee,"2,0,1"
A1PTH9KTRO06EG,creative,dad,"2,0,1"
A1PTH9KTRO06EG,creative,isolation,"2,0,1"
A1PTH9KTRO06EG,creative,mana,"2,0,1"
A1PTH9KTRO06EG,creative,mattdamon,"2,0,1"
A1PTH9KTRO06EG,creative,obama,"2,0,1"
A1PTH9KTRO06EG,creative,pig,"2,0,1"
A1PTH9KTRO06EG,creative,reincarnation,"2,0,1"
A1PTH9KTRO06EG,creative,shapeshifter,"2,0,1"
A1PTH9KTRO06EG,creative,sideeffect,"2,0,1"
A1QUQ0TV9KVD4C,argumentative,animal,"0,1"
A1QUQ0TV9KVD4C,argumentative,athletes,"0,1"
A1QUQ0TV9KVD4C,argumentative,audiobook,"0,1"
A1QUQ0TV9KVD4C,argumentative,extremesports,"0,1"
A1QUQ0TV9KVD4C,argumentative,news,"0,1"
A1QUQ0TV9KVD4C,argumentative,pads,"0,1"
A1QUQ0TV9KVD4C,argumentative,school,"0,1"
A1QUQ0TV9KVD4C,argumentative,screen,"0,1"
A1QUQ0TV9KVD4C,argumentative,stereotype,"0,1"
A1QUQ0TV9KVD4C,creative,bee,"1,2,0"
A1QUQ0TV9KVD4C,creative,dad,"1,2,0"
A1QUQ0TV9KVD4C,creative,isolation,"1,2,0"
A1QUQ0TV9KVD4C,creative,mana,"1,2,0"
A1QUQ0TV9KVD4C,creative,mattdamon,"1,2,0"
A1QUQ0TV9KVD4C,creative,obama,"1,2,0"
A1QUQ0TV9KVD4C,creative,pig,"1,2,0"
A1QUQ0TV9KVD4C,creative,reincarnation,"1,2,0"
A1QUQ0TV9KVD4C,creative,shapeshifter,"1,2,0"
A1QUQ0TV9KVD4C,creative,sideeffect,"1,2,0"
A1S5KQVM900NE,creative,bee,"2,1"
A1S5KQVM900NE,creative,dad,"2,1"
A1S5KQVM900NE,creative,isolation,"2,1"
A1S5KQVM900NE,creative,mana,"2,1"
A1S5KQVM900NE,creative,obama,"2,1"
A1S5KQVM900NE,creative,reincarnation,"2,1"
A1S5KQVM900NE,creative,shapeshifter,"2,1"
A1S5KQVM900NE,creative,sideeffect,"2,1"
A1TW2BZRRS874Z,argumentative,animal,"0,2"
A1TW2BZRRS874Z,argumentative,athletes,"0,2"
A1TW2BZRRS874Z,argumentative,audiobook,"0,2"
A1TW2BZRRS874Z,argumentative,dating,"0,2"
A1TW2BZRRS874Z,argumentative,extremesports,"0,2"
A1TW2BZRRS874Z,argumentative,news,"0,2"
A1TW2BZRRS874Z,argumentative,pads,"0,2"
A1TW2BZRRS874Z,argumentative,school,"0,2"
A1TW2BZRRS874Z,argumentative,screen,"0,2"
A1TW2BZRRS874Z,argumentative,stereotype,"0,2"
A1TW2BZRRS874Z,creative,bee,"2,0"
A1TW2BZRRS874Z,creative,dad,"2,0"
A1TW2BZRRS874Z,creative,isolation,"2,0"
A1TW2BZRRS874Z,creative,mana,"2,0"
A1TW2BZRRS874Z,creative,mattdamon,"2,0"
A1TW2BZRRS874Z,creative,obama,"2,0"
A1TW2BZRRS874Z,creative,pig,"2,0"
A1TW2BZRRS874Z,creative,reincarnation,"2,0"
A1TW2BZRRS874Z,creative,shapeshifter,"2,0"
A1TW2BZRRS874Z,creative,sideeffect,"2,0"
A1VZSFHTU51JP0,argumentative,animal,"2,0"
A1VZSFHTU51JP0,argumentative,athletes,"2,0"
A1VZSFHTU51JP0,argumentative,audiobook,"2,0"
A1VZSFHTU51JP0,argumentative,dating,"2,0"
A1VZSFHTU51JP0,argumentative,extremesports,"2,0"
A1VZSFHTU51JP0,argumentative,news,"2,0"
A1VZSFHTU51JP0,argumentative,pads,"2,0"
A1VZSFHTU51JP0,argumentative,school,"2,0"
A1VZSFHTU51JP0,argumentative,screen,"2,0"
A1VZSFHTU51JP0,argumentative,stereotype,"2,0"
A1VZSFHTU51JP0,creative,bee,2
A1VZSFHTU51JP0,creative,dad,2
A1VZSFHTU51JP0,creative,isolation,2
A1VZSFHTU51JP0,creative,mana,2
A1VZSFHTU51JP0,creative,mattdamon,2
A1VZSFHTU51JP0,creative,obama,2
A1VZSFHTU51JP0,creative,pig,2
A1VZSFHTU51JP0,creative,reincarnation,2
A1VZSFHTU51JP0,creative,shapeshifter,2
A1VZSFHTU51JP0,creative,sideeffect,2
A1WKF2VH7TV0H2,argumentative,pads,0
A1WKF2VH7TV0H2,creative,bee,"2,0"
A1WKF2VH7TV0H2,creative,mana,"2,0"
A1WKF2VH7TV0H2,creative,reincarnation,"2,0"
A1WKF2VH7TV0H2,creative,shapeshifter,"2,0"
A1WKF2VH7TV0H2,creative,sideeffect,"2,0"
A23EWFNNOUS10B,creative,bee,"0,2"
A23EWFNNOUS10B,creative,isolation,"0,2"
A23EWFNNOUS10B,creative,mattdamon,"0,2"
A23EWFNNOUS10B,creative,obama,"0,2"
A23EWFNNOUS10B,creative,pig,"0,2"
A23EWFNNOUS10B,creative,reincarnation,"0,2"
A23EWFNNOUS10B,creative,shapeshifter,"0,2"
A23EWFNNOUS10B,creative,sideeffect,"0,2"
A23KAJRDVCVGOE,argumentative,animal,0
A23KAJRDVCVGOE,argumentative,audiobook,0
A23KAJRDVCVGOE,argumentative,pads,0
A23KAJRDVCVGOE,creative,bee,"1,2,0"
A23KAJRDVCVGOE,creative,dad,"1,2,0"
A23KAJRDVCVGOE,creative,isolation,"1,2,0"
A23KAJRDVCVGOE,creative,mana,"1,2,0"
A23KAJRDVCVGOE,creative,mattdamon,"1,2,0"
A23KAJRDVCVGOE,creative,pig,"1,2,0"
A23KAJRDVCVGOE,creative,reincarnation,"1,2,0"
A23KAJRDVCVGOE,creative,shapeshifter,"1,2,0"
A23KAJRDVCVGOE,creative,sideeffect,"1,2,0"
A2EED3HLTA96CP,argumentative,animal,"0,1"
A2EED3HLTA96CP,argumentative,athletes,"0,1"
A2EED3HLTA96CP,argumentative,audiobook,"0,1"
A2EED3HLTA96CP,argumentative,dating,"0,1"
A2EED3HLTA96CP,argumentative,extremesports,"0,1"
A2EED3HLTA96CP,argumentative,news,"0,1"
A2EED3HLTA96CP,argumentative,pads,"0,1"
A2EED3HLTA96CP,argumentative,school,"0,1"
A2EED3HLTA96CP,argumentative,screen,"0,1"
A2EED3HLTA96CP,argumentative,stereotype,"0,1"
A2EED3HLTA96CP,creative,bee,"2,1,0"
A2EED3HLTA96CP,creative,dad,"2,1,0"
A2EED3HLTA96CP,creative,isolation,"2,1,0"
A2EED3HLTA96CP,creative,mana,"2,1,0"
A2EED3HLTA96CP,creative,mattdamon,"2,1,0"
A2EED3HLTA96CP,creative,obama,"2,1,0"
A2EED3HLTA96CP,creative,pig,"2,1,0"
A2EED3HLTA96CP,creative,reincarnation,"2,1,0"
A2EED3HLTA96CP,creative,shapeshifter,"2,1,0"
A2EED3HLTA96CP,creative,sideeffect,"2,1,0"
A2ONILC0LZKG6Y,argumentative,athletes,0
A2ONILC0LZKG6Y,argumentative,extremesports,0
A2ONILC0LZKG6Y,argumentative,news,0
A2ONILC0LZKG6Y,argumentative,screen,0
A2ONILC0LZKG6Y,argumentative,stereotype,0
A2ONILC0LZKG6Y,creative,bee,"2,1"
A2ONILC0LZKG6Y,creative,dad,"2,1"
A2ONILC0LZKG6Y,creative,isolation,"2,1"
A2ONILC0LZKG6Y,creative,mana,"2,1"
A2ONILC0LZKG6Y,creative,mattdamon,"2,1"
A2ONILC0LZKG6Y,creative,obama,"2,1"
A2ONILC0LZKG6Y,creative,pig,"2,1"
A2ONILC0LZKG6Y,creative,reincarnation,"2,1"
A2ONILC0LZKG6Y,creative,shapeshifter,"2,1"
A2ONILC0LZKG6Y,creative,sideeffect,"2,1"
A2OVOVZBJYUO,argumentative,dating,0
A2OVOVZBJYUO,argumentative,school,0
A2OVOVZBJYUO,creative,bee,"2,0,1"
A2OVOVZBJYUO,creative,dad,"2,0,1"
A2OVOVZBJYUO,creative,isolation,"2,0,1"
A2OVOVZBJYUO,creative,mattdamon,"2,0,1"
A2OVOVZBJYUO,creative,obama,"2,0,1"
A2OVOVZBJYUO,creative,pig,"2,0,1"
A2OVOVZBJYUO,creative,reincarnation,"2,0,1"
A2OVOVZBJYUO,creative,shapeshifter,"2,0,1"
A2OVOVZBJYUO,creative,sideeffect,"2,0,1"
A2OVX9UW5WANQE,creative,bee,"0,1,2"
A2OVX9UW5WANQE,creative,dad,"0,1,2"
A2OVX9UW5WANQE,creative,isolation,"0,1,2"
A2OVX9UW5WANQE,creative,mana,"0,1,2"
A2OVX9UW5WANQE,creative,mattdamon,"0,1,2"
A2OVX9UW5WANQE,creative,obama,"0,1,2"
A2OVX9UW5WANQE,creative,pig,"0,1,2"
A2OVX9UW5WANQE,creative,reincarnation,"0,1,2"
A2OVX9UW5WANQE,creative,shapeshifter,"0,1,2"
A2OVX9UW5WANQE,creative,sideeffect,"0,1,2"
A2QKAA5YS0P4CI,argumentative,dating,0
A2QKAA5YS0P4CI,argumentative,extremesports,0
A2QKAA5YS0P4CI,creative,mana,"0,1"
A2QKAA5YS0P4CI,creative,shapeshifter,"0,1"
A2QKAA5YS0P4CI,creative,sideeffect,"0,1"
A2QX3YJXAAHHVV,argumentative,animal,"1,0"
A2QX3YJXAAHHVV,argumentative,athletes,"1,0"
A2QX3YJXAAHHVV,argumentative,audiobook,"1,0"
A2QX3YJXAAHHVV,argumentative,dating,"1,0"
A2QX3YJXAAHHVV,argumentative,extremesports,"1,0"
A2QX3YJXAAHHVV,argumentative,news,"1,0"
A2QX3YJXAAHHVV,argumentative,pads,"1,0"
A2QX3YJXAAHHVV,argumentative,school,"1,0"
A2QX3YJXAAHHVV,argumentative,screen,"1,0"
A2QX3YJXAAHHVV,argumentative,stereotype,"1,0"
A2QX3YJXAAHHVV,creative,bee,"1,0,2"
A2QX3YJXAAHHVV,creative,dad,"1,0,2"
A2QX3YJXAAHHVV,creative,isolation,"1,0,2"
A2QX3YJXAAHHVV,creative,mana,"1,0,2"
A2QX3YJXAAHHVV,creative,mattdamon,"1,0,2"
A2QX3YJXAAHHVV,creative,obama,"1,0,2"
A2QX3YJXAAHHVV,creative,pig,"1,0,2"
A2QX3YJXAAHHVV,creative,reincarnation,"1,0,2"
A2QX3YJXAAHHVV,creative,shapeshifter,"1,0,2"
A2QX3YJXAAHHVV,creative,sideeffect,"1,0,2"
A2RUHO7I7Y4XFA,creative,dad,"2,0"
A2RUHO7I7Y4XFA,creative,mana,"2,0"
A2RUHO7I7Y4XFA,creative,mattdamon,"2,0"
A2RUHO7I7Y4XFA,creative,obama,"2,0"
A2RUHO7I7Y4XFA,creative,pig,"2,0"
A2RUHO7I7Y4XFA,creative,reincarnation,"2,0"
A2RUHO7I7Y4XFA,creative,shapeshifter,"2,0"
A2RUHO7I7Y4XFA,creative,sideeffect,"2,0"
A2W121DQXNQK1,argumentative,animal,"0,2"
A2W121DQXNQK1,argumentative,athletes,"0,2"
A2W121DQXNQK1,argumentative,audiobook,"0,2"
A2W121DQXNQK1,argumentative,dating,"0,2"
A2W121DQXNQK1,argumentative,extremesports,"0,2"
A2W121DQXNQK1,argumentative,news,"0,2"
A2W121DQXNQK1,argumentative,pads,"0,2"
A2W121DQXNQK1,argumentative,school,"0,2"
A2W121DQXNQK1,argumentative,screen,"0,2"
A2W121DQXNQK1,argumentative,stereotype,"0,2"
A2W121DQXNQK1,creative,bee,"2,0,1"
A2W121DQXNQK1,creative,dad,"2,0,1"
A2W121DQXNQK1,creative,isolation,"2,0,1"
A2W121DQXNQK1,creative,mana,"2,0,1"
A2W121DQXNQK1,creative,mattdamon,"2,0,1"
A2W121DQXNQK1,creative,obama,"2,0,1"
A2W121DQXNQK1,creative,pig,"2,0,1"
A2W121DQXNQK1,creative,reincarnation,"2,0,1"
A2W121DQXNQK1,creative,shapeshifter,"2,0,1"
A2W121DQXNQK1,creative,sideeffect,"2,0,1"
A2WGW5Y3ZFBDEC,argumentative,animal,"1,0"
A2WGW5Y3ZFBDEC,argumentative,athletes,"1,0"
A2WGW5Y3ZFBDEC,argumentative,audiobook,"1,0"
A2WGW5Y3ZFBDEC,argumentative,dating,"1,0"
A2WGW5Y3ZFBDEC,argumentative,extremesports,"1,0"
A2WGW5Y3ZFBDEC,argumentative,news,"1,0"
A2WGW5Y3ZFBDEC,argumentative,pads,"1,0"
A2WGW5Y3ZFBDEC,argumentative,school,"1,0"
A2WGW5Y3ZFBDEC,argumentative,screen,"1,0"
A2WGW5Y3ZFBDEC,argumentative,stereotype,"1,0"
A2WGW5Y3ZFBDEC,creative,bee,"0,2,1"
A2WGW5Y3ZFBDEC,creative,dad,"0,2,1"
A2WGW5Y3ZFBDEC,creative,isolation,"0,2,1"
A2WGW5Y3ZFBDEC,creative,mana,"0,2,1"
A2WGW5Y3ZFBDEC,creative,mattdamon,"0,2,1"
A2WGW5Y3ZFBDEC,creative,obama,"0,2,1"
A2WGW5Y3ZFBDEC,creative,pig,"0,2,1"
A2WGW5Y3ZFBDEC,creative,reincarnation,"0,2,1"
A2WGW5Y3ZFBDEC,creative,shapeshifter,"0,2,1"
A2WGW5Y3ZFBDEC,creative,sideeffect,"0,2,1"
A2YTQDLACTLIBA,argumentative,animal,"0,2"
A2YTQDLACTLIBA,argumentative,athletes,"0,2"
A2YTQDLACTLIBA,argumentative,audiobook,"0,2"
A2YTQDLACTLIBA,argumentative,extremesports,"0,2"
A2YTQDLACTLIBA,argumentative,news,"0,2"
A2YTQDLACTLIBA,argumentative,pads,"0,2"
A2YTQDLACTLIBA,argumentative,school,"0,2"
A2YTQDLACTLIBA,argumentative,screen,"0,2"
A2YTQDLACTLIBA,argumentative,stereotype,"0,2"
A2YTQDLACTLIBA,creative,bee,"2,0"
A2YTQDLACTLIBA,creative,dad,"2,0"
A2YTQDLACTLIBA,creative,mattdamon,"2,0"
A2YTQDLACTLIBA,creative,obama,"2,0"
A2YTQDLACTLIBA,creative,pig,"2,0"
A2YTQDLACTLIBA,creative,reincarnation,"2,0"
A2YTQDLACTLIBA,creative,shapeshifter,"2,0"
A324VBRLXHG5IB,argumentative,athletes,0
A324VBRLXHG5IB,argumentative,news,0
A324VBRLXHG5IB,argumentative,stereotype,0
A324VBRLXHG5IB,creative,bee,"0,2"
A324VBRLXHG5IB,creative,dad,"0,2"
A324VBRLXHG5IB,creative,isolation,"0,2"
A324VBRLXHG5IB,creative,mana,"0,2"
A324VBRLXHG5IB,creative,mattdamon,"0,2"
A324VBRLXHG5IB,creative,obama,"0,2"
A324VBRLXHG5IB,creative,pig,"0,2"
A324VBRLXHG5IB,creative,reincarnation,"0,2"
A324VBRLXHG5IB,creative,sideeffect,"0,2"
A345TDMHP3DQ3G,argumentative,athletes,1
A345TDMHP3DQ3G,argumentative,audiobook,1
A345TDMHP3DQ3G,argumentative,dating,1
A345TDMHP3DQ3G,argumentative,extremesports,1
A345TDMHP3DQ3G,argumentative,news,1
A345TDMHP3DQ3G,argumentative,pads,1
A345TDMHP3DQ3G,argumentative,school,1
A345TDMHP3DQ3G,argumentative,screen,1
A345TDMHP3DQ3G,argumentative,stereotype,1
A345TDMHP3DQ3G,creative,bee,"2,1,0"
A345TDMHP3DQ3G,creative,dad,"2,1,0"
A345TDMHP3DQ3G,creative,isolation,"2,1,0"
A345TDMHP3DQ3G,creative,mana,"2,1,0"
A345TDMHP3DQ3G,creative,mattdamon,"2,1,0"
A345TDMHP3DQ3G,creative,obama,"2,1,0"
A345TDMHP3DQ3G,creative,pig,"2,1,0"
A345TDMHP3DQ3G,creative,reincarnation,"2,1,0"
A345TDMHP3DQ3G,creative,shapeshifter,"2,1,0"
A345TDMHP3DQ3G,creative,sideeffect,"2,1,0"
A377LTGWJKY2IW,argumentative,school,"0,2"
A377LTGWJKY2IW,argumentative,stereotype,"0,2"
A3DS5B06ZCD3E3,argumentative,audiobook,"0,2"
A3DS5B06ZCD3E3,argumentative,pads,"0,2"
A3DS5B06ZCD3E3,creative,dad,"2,0"
A3DS5B06ZCD3E3,creative,isolation,"2,0"
A3DS5B06ZCD3E3,creative,mana,"2,0"
A3DS5B06ZCD3E3,creative,mattdamon,"2,0"
A3DS5B06ZCD3E3,creative,pig,"2,0"
A3DS5B06ZCD3E3,creative,reincarnation,"2,0"
A3DS5B06ZCD3E3,creative,sideeffect,"2,0"
A3DUPRZSMU9W5R,argumentative,athletes,"2,0"
A3DUPRZSMU9W5R,argumentative,extremesports,"2,0"
A3DUPRZSMU9W5R,argumentative,news,"2,0"
A3DUPRZSMU9W5R,argumentative,pads,"2,0"
A3DUPRZSMU9W5R,argumentative,school,"2,0"
A3DUPRZSMU9W5R,argumentative,screen,"2,0"
A3DUPRZSMU9W5R,argumentative,stereotype,"2,0"
A3DUPRZSMU9W5R,creative,bee,"2,1"
A3DUPRZSMU9W5R,creative,dad,"2,1"
A3DUPRZSMU9W5R,creative,isolation,"2,1"
A3DUPRZSMU9W5R,creative,mana,"2,1"
A3DUPRZSMU9W5R,creative,mattdamon,"2,1"
A3DUPRZSMU9W5R,creative,pig,"2,1"
A3DUPRZSMU9W5R,creative,reincarnation,"2,1"
A3DUPRZSMU9W5R,creative,shapeshifter,"2,1"
A3DUPRZSMU9W5R,creative,sideeffect,"2,1"
A3MYPYBVHX7FQ2,argumentative,dating,"0,2"
A3MYPYBVHX7FQ2,argumentative,extremesports,"0,2"
A3MYPYBVHX7FQ2,argumentative,news,"0,2"
A3MYPYBVHX7FQ2,argumentative,pads,"0,2"
A3MYPYBVHX7FQ2,argumentative,school,"0,2"
A3MYPYBVHX7FQ2,argumentative,screen,"0,2"
A3MYPYBVHX7FQ2,argumentative,stereotype,"0,2"
A3MYPYBVHX7FQ2,creative,bee,"2,0"
A3MYPYBVHX7FQ2,creative,dad,"2,0"
A3MYPYBVHX7FQ2,creative,isolation,"2,0"
A3MYPYBVHX7FQ2,creative,mana,"2,0"
A3MYPYBVHX7FQ2,creative,mattdamon,"2,0"
A3MYPYBVHX7FQ2,creative,obama,"2,0"
A3MYPYBVHX7FQ2,creative,pig,"2,0"
A3MYPYBVHX7FQ2,creative,reincarnation,"2,0"
A3MYPYBVHX7FQ2,creative,shapeshifter,"2,0"
A3MYPYBVHX7FQ2,creative,sideeffect,"2,0"
A3O5RKGH6VB19C,argumentative,animal,2
A3O5RKGH6VB19C,argumentative,athletes,2
A3O5RKGH6VB19C,argumentative,audiobook,2
A3O5RKGH6VB19C,argumentative,dating,2
A3O5RKGH6VB19C,argumentative,extremesports,2
A3O5RKGH6VB19C,argumentative,news,2
A3O5RKGH6VB19C,argumentative,pads,2
A3O5RKGH6VB19C,argumentative,school,2
A3O5RKGH6VB19C,argumentative,screen,2
A3O5RKGH6VB19C,argumentative,stereotype,2
A3O5RKGH6VB19C,creative,bee,"2,1,0"
A3O5RKGH6VB19C,creative,dad,"2,1,0"
A3O5RKGH6VB19C,creative,isolation,"2,1,0"
A3O5RKGH6VB19C,creative,mana,"2,1,0"
A3O5RKGH6VB19C,creative,mattdamon,"2,1,0"
A3O5RKGH6VB19C,creative,obama,"2,1,0"
A3O5RKGH6VB19C,creative,pig,"2,1,0"
A3O5RKGH6VB19C,creative,reincarnation,"2,1,0"
A3O5RKGH6VB19C,creative,shapeshifter,"2,1,0"
A3O5RKGH6VB19C,creative,sideeffect,"2,1,0"
A3OLRWACCCCUTU,argumentative,audiobook,0
A3OLRWACCCCUTU,creative,dad,"2,0"
A3OLRWACCCCUTU,creative,isolation,"2,0"
A3OLRWACCCCUTU,creative,mana,"2,0"
A3OLRWACCCCUTU,creative,mattdamon,"2,0"
A3OLRWACCCCUTU,creative,obama,"2,0"
A3OLRWACCCCUTU,creative,pig,"2,0"
A3OLRWACCCCUTU,creative,reincarnation,"2,0"
A3OLRWACCCCUTU,creative,shapeshifter,"2,0"
A3P9TM5PRYBH90,argumentative,animal,0
A3P9TM5PRYBH90,argumentative,athletes,0
A3P9TM5PRYBH90,argumentative,audiobook,0
A3P9TM5PRYBH90,argumentative,news,0
A3P9TM5PRYBH90,argumentative,screen,0
A3P9TM5PRYBH90,creative,bee,"0,2"
A3P9TM5PRYBH90,creative,isolation,"0,2"
A3P9TM5PRYBH90,creative,mana,"0,2"
A3P9TM5PRYBH90,creative,obama,"0,2"
A3P9TM5PRYBH90,creative,pig,"0,2"
A3P9TM5PRYBH90,creative,reincarnation,"0,2"
A3P9TM5PRYBH90,creative,shapeshifter,"0,2"
A3P9TM5PRYBH90,creative,sideeffect,"0,2"
A3S67QA0SQVPUJ,argumentative,animal,"0,2"
A3S67QA0SQVPUJ,argumentative,athletes,"0,2"
A3S67QA0SQVPUJ,argumentative,audiobook,"0,2"
A3S67QA0SQVPUJ,argumentative,dating,"0,2"
A3S67QA0SQVPUJ,argumentative,extremesports,"0,2"
A3S67QA0SQVPUJ,argumentative,news,"0,2"
A3S67QA0SQVPUJ,argumentative,pads,"0,2"
A3S67QA0SQVPUJ,argumentative,school,"0,2"
A3S67QA0SQVPUJ,argumentative,screen,"0,2"
A3S67QA0SQVPUJ,argumentative,stereotype,"0,2"
A3S67QA0SQVPUJ,creative,bee,2
A3S67QA0SQVPUJ,creative,dad,2
A3S67QA0SQVPUJ,creative,isolation,2
A3S67QA0SQVPUJ,creative,mana,2
A3S67QA0SQVPUJ,creative,mattdamon,2
A3S67QA0SQVPUJ,creative,obama,2
A3S67QA0SQVPUJ,creative,pig,2
A3S67QA0SQVPUJ,creative,reincarnation,2
A3S67QA0SQVPUJ,creative,shapeshifter,2
A3S67QA0SQVPUJ,creative,sideeffect,2
A3VEF4M5FIN7KH,argumentative,school,"2,0"
A3VEF4M5FIN7KH,argumentative,stereotype,"2,0"
A3VEF4M5FIN7KH,creative,mana,"2,1"
A3VEF4M5FIN7KH,creative,pig,"2,1"
A3VEF4M5FIN7KH,creative,reincarnation,"2,1"
A3VEF4M5FIN7KH,creative,shapeshifter,"2,1"
A6KOTWP7N7RLU,argumentative,animal,"2,0"
A6KOTWP7N7RLU,argumentative,athletes,"2,0"
A6KOTWP7N7RLU,argumentative,audiobook,"2,0"
A6KOTWP7N7RLU,argumentative,dating,"2,0"
A6KOTWP7N7RLU,argumentative,extremesports,"2,0"
A6KOTWP7N7RLU,argumentative,news,"2,0"
A6KOTWP7N7RLU,argumentative,pads,"2,0"
A6KOTWP7N7RLU,argumentative,school,"2,0"
A6KOTWP7N7RLU,argumentative,screen,"2,0"
A6KOTWP7N7RLU,argumentative,stereotype,"2,0"
A6KOTWP7N7RLU,creative,bee,"2,0"
A6KOTWP7N7RLU,creative,dad,"2,0"
A6KOTWP7N7RLU,creative,isolation,"2,0"
A6KOTWP7N7RLU,creative,mana,"2,0"
A6KOTWP7N7RLU,creative,mattdamon,"2,0"
A6KOTWP7N7RLU,creative,obama,"2,0"
A6KOTWP7N7RLU,creative,reincarnation,"2,0"
A6KOTWP7N7RLU,creative,shapeshifter,"2,0"
A6KOTWP7N7RLU,creative,sideeffect,"2,0"
ABL2FXYMI00T6,argumentative,dating,0
ABL2FXYMI00T6,argumentative,screen,0
ABL2FXYMI00T6,creative,bee,"0,1"
ABL2FXYMI00T6,creative,isolation,"0,1"
ABL2FXYMI00T6,creative,obama,"0,1"
ABL2FXYMI00T6,creative,sideeffect,"0,1"
AM2KK02JXXW48,creative,bee,"0,2"
AM2KK02JXXW48,creative,isolation,"0,2"
AM2KK02JXXW48,creative,obama,"0,2"
AM2KK02JXXW48,creative,shapeshifter,"0,2"
ANCIB6B6EBBIJ,argumentative,animal,0
ANCIB6B6EBBIJ,argumentative,athletes,0
ANCIB6B6EBBIJ,argumentative,audiobook,0
ANCIB6B6EBBIJ,argumentative,dating,0
ANCIB6B6EBBIJ,argumentative,extremesports,0
ANCIB6B6EBBIJ,argumentative,news,0
ANCIB6B6EBBIJ,argumentative,pads,0
ANCIB6B6EBBIJ,argumentative,school,0
ANCIB6B6EBBIJ,argumentative,screen,0
ANCIB6B6EBBIJ,argumentative,stereotype,0
ANCIB6B6EBBIJ,creative,bee,"0,2,1"
ANCIB6B6EBBIJ,creative,dad,"0,2,1"
ANCIB6B6EBBIJ,creative,isolation,"0,2,1"
ANCIB6B6EBBIJ,creative,mana,"0,2,1"
ANCIB6B6EBBIJ,creative,mattdamon,"0,2,1"
ANCIB6B6EBBIJ,creative,obama,"0,2,1"
ANCIB6B6EBBIJ,creative,pig,"0,2,1"
ANCIB6B6EBBIJ,creative,reincarnation,"0,2,1"
ANCIB6B6EBBIJ,creative,shapeshifter,"0,2,1"
ANCIB6B6EBBIJ,creative,sideeffect,"0,2,1"
ASVRLMDNQBUD9,argumentative,animal,0
ASVRLMDNQBUD9,argumentative,athletes,0
ASVRLMDNQBUD9,argumentative,audiobook,0
ASVRLMDNQBUD9,argumentative,dating,0
ASVRLMDNQBUD9,argumentative,extremesports,0
ASVRLMDNQBUD9,argumentative,news,0
ASVRLMDNQBUD9,argumentative,pads,0
ASVRLMDNQBUD9,argumentative,school,0
ASVRLMDNQBUD9,argumentative,screen,0
ASVRLMDNQBUD9,argumentative,stereotype,0
ASVRLMDNQBUD9,creative,bee,"2,0"
ASVRLMDNQBUD9,creative,dad,"2,0"
ASVRLMDNQBUD9,creative,isolation,"2,0"
ASVRLMDNQBUD9,creative,mana,"2,0"
ASVRLMDNQBUD9,creative,mattdamon,"2,0"
ASVRLMDNQBUD9,creative,obama,"2,0"
ASVRLMDNQBUD9,creative,pig,"2,0"
ASVRLMDNQBUD9,creative,reincarnation,"2,0"
ASVRLMDNQBUD9,creative,sideeffect,"2,0"
AUAAHI7AUJ419,argumentative,pads,0
AUAAHI7AUJ419,creative,pig,"0,2"
AUAAHI7AUJ419,creative,sideeffect,"0,2"
AZLZA0Q87TJZO,creative,mana,"2,0"
AZLZA0Q87TJZO,creative,reincarnation,"2,0"
AZLZA0Q87TJZO,creative,shapeshifter,"2,0"
AZZA3J049G7R5,argumentative,animal,"0,1"
AZZA3J049G7R5,argumentative,athletes,"0,1"
AZZA3J049G7R5,argumentative,audiobook,"0,1"
AZZA3J049G7R5,argumentative,dating,"0,1"
AZZA3J049G7R5,argumentative,extremesports,"0,1"
AZZA3J049G7R5,argumentative,news,"0,1"
AZZA3J049G7R5,argumentative,pads,"0,1"
AZZA3J049G7R5,argumentative,school,"0,1"
AZZA3J049G7R5,argumentative,screen,"0,1"
AZZA3J049G7R5,argumentative,stereotype,"0,1"
AZZA3J049G7R5,creative,bee,"0,2,1"
AZZA3J049G7R5,creative,dad,"0,2,1"
AZZA3J049G7R5,creative,isolation,"0,2,1"
AZZA3J049G7R5,creative,mana,"0,2,1"
AZZA3J049G7R5,creative,mattdamon,"0,2,1"
AZZA3J049G7R5,creative,obama,"0,2,1"
AZZA3J049G7R5,creative,pig,"0,2,1"
AZZA3J049G7R5,creative,reincarnation,"0,2,1"
AZZA3J049G7R5,creative,shapeshifter,"0,2,1"
AZZA3J049G7R5,creative,sideeffect,"0,2,1"
